filename,width,height,objects
aug_0_0.jpg,448,448,"[{'name': 'coin_1', 'coordinates': [84.32554002299857, 39.8458889286301, 84.32554002299857, 39.8458889286301]}, {'name': 'coin_2', 'coordinates': [13.16077863144298, 167.02032321509725, 13.16077863144298, 167.02032321509725]}, {'name': 'coin_3', 'coordinates': [312.11019279308124, 111.6917792941401, 312.11019279308124, 111.6917792941401]}, {'name': 'coin_4', 'coordinates': [338.2158347010589, 217.02522821029606, 338.2158347010589, 217.02522821029606]}]"
aug_1_0.jpg,448,448,"[{'name': 'coin_1', 'coordinates': [94.88983757895525, 44.806818053373945, 94.88983757895525, 44.806818053373945]}, {'name': 'coin_2', 'coordinates': [14.829481013455194, 187.87805662564952, 14.829481013455194, 187.87805662564952]}, {'name': 'coin_3', 'coordinates': [351.1475719452982, 125.6334447145727, 351.1475719452982, 125.6334447145727]}, {'name': 'coin_4', 'coordinates': [380.51641909177306, 244.13357474524815, 380.51641909177306, 244.13357474524815]}]"
aug_2_0.jpg,448,448,"[{'name': 'coin_1', 'coordinates': [42.44159956973499, 80.61848104482533, 42.44159956973499, 80.61848104482533]}, {'name': 'coin_2', 'coordinates': [19.06481667211861, 224.46314038731782, 19.06481667211861, 224.46314038731782]}, {'name': 'coin_3', 'coordinates': [281.0618986262341, 70.22459446727711, 281.0618986262341, 70.22459446727711]}, {'name': 'coin_4', 'coordinates': [341.61933898333075, 160.27700374874323, 341.61933898333075, 160.27700374874323]}]"
aug_3_0.jpg,448,448,"[{'name': 'coin_1', 'coordinates': [47.726992524616975, 90.71939622851033, 47.726992524616975, 90.71939622851033]}, {'name': 'coin_2', 'coordinates': [21.428111764798558, 252.54463798881437, 21.428111764798558, 252.54463798881437]}, {'name': 'coin_3', 'coordinates': [316.1748289631784, 79.02627382876861, 316.1748289631784, 79.02627382876861]}, {'name': 'coin_4', 'coordinates': [384.30194936491216, 180.33523427041797, 384.30194936491216, 180.33523427041797]}]"
