filename,width,height,objects
aug_0_0.jpg,448,448,"[{'name': 'coin_1', 'coordinates': [96.9563160254494, 56.89826405867906, 96.9563160254494, 56.89826405867906]}, {'name': 'coin_2', 'coordinates': [8.000364286004896, 215.86630691676302, 8.000364286004896, 215.86630691676302]}, {'name': 'coin_3', 'coordinates': [381.68713198805267, 146.70562701556656, 381.68713198805267, 146.70562701556656]}, {'name': 'coin_4', 'coordinates': [414.31918437302477, 278.3724381607615, 414.31918437302477, 278.3724381607615]}]"
aug_1_0.jpg,448,448,"[{'name': 'coin_1', 'coordinates': [101.20522558018065, 53.33300561839843, 101.20522558018065, 53.33300561839843]}, {'name': 'coin_2', 'coordinates': [12.249273840736151, 212.3010484764824, 12.249273840736151, 212.3010484764824]}, {'name': 'coin_3', 'coordinates': [385.9360415427839, 143.14036857528595, 385.9360415427839, 143.14036857528595]}, {'name': 'coin_4', 'coordinates': [418.568093927756, 274.8071797204809, 418.568093927756, 274.8071797204809]}]"
aug_2_0.jpg,448,448,"[{'name': 'coin_1', 'coordinates': [60.14290236006018, 92.32249230273284, 60.14290236006018, 92.32249230273284]}, {'name': 'coin_2', 'coordinates': [30.92192373803968, 272.1283164808484, 30.92192373803968, 272.1283164808484]}, {'name': 'coin_3', 'coordinates': [358.418276180684, 79.33013408079758, 358.418276180684, 79.33013408079758]}, {'name': 'coin_4', 'coordinates': [434.1150766270548, 191.8956456826302, 434.1150766270548, 191.8956456826302]}]"
aug_3_0.jpg,448,448,"[{'name': 'coin_1', 'coordinates': [56.57764391977955, 96.5714018574641, 56.57764391977955, 96.5714018574641]}, {'name': 'coin_2', 'coordinates': [27.356665297759065, 276.3772260355797, 27.356665297759065, 276.3772260355797]}, {'name': 'coin_3', 'coordinates': [354.8530177404034, 83.57904363552883, 354.8530177404034, 83.57904363552883]}, {'name': 'coin_4', 'coordinates': [430.5498181867742, 196.14455523736146, 430.5498181867742, 196.14455523736146]}]"
